<?xml version="1.0" encoding="UTF-8"?>
<project-private xmlns="http://www.netbeans.org/ns/project-private/1">
    <editor-bookmarks xmlns="http://www.netbeans.org/ns/editor-bookmarks/2" lastBookmarkId="0"/>
    <open-files xmlns="http://www.netbeans.org/ns/projectui-open-files/2">
        <group>
            <file>file:/Users/husseinr/NetBeansProjects/PatientSystem/src/patientsystem/Appointment.java</file>
            <file>file:/Users/husseinr/NetBeansProjects/PatientSystem/src/patientsystem/Secretary.java</file>
            <file>file:/Users/husseinr/NetBeansProjects/PatientSystem/src/patientsystem/Administrator.java</file>
            <file>file:/Users/husseinr/NetBeansProjects/PatientSystem/src/patientsystem/AppointmentRequest.java</file>
            <file>file:/Users/husseinr/NetBeansProjects/PatientSystem/src/patientsystem/User.java</file>
            <file>file:/Users/husseinr/NetBeansProjects/PatientSystem/src/patientsystem/PatientSystem.java</file>
            <file>file:/Users/husseinr/NetBeansProjects/PatientSystem/src/patientsystem/Prescription.java</file>
            <file>file:/Users/husseinr/NetBeansProjects/PatientSystem/src/patientsystem/AccountList.java</file>
            <file>file:/Users/husseinr/NetBeansProjects/PatientSystem/src/patientsystem/Medicine.java</file>
            <file>file:/Users/husseinr/NetBeansProjects/PatientSystem/src/patientsystem/Patient.java</file>
            <file>file:/Users/husseinr/NetBeansProjects/PatientSystem/src/patientsystem/Address.java</file>
            <file>file:/Users/husseinr/NetBeansProjects/PatientSystem/src/patientsystem/Doctor.java</file>
            <file>file:/Users/husseinr/NetBeansProjects/PatientSystem/src/patientsystem/AccountsManagement.java</file>
        </group>
    </open-files>
</project-private>
